DateTime,Bulls,Bears,Difference,New Addresses,Active Addresses,Zero Balance Addresses,Losses,Break Even,Profit,Total Volume of Large Transaction,Number of Large Transactions,transaction volume,Total Flow,Volatility,Netflow
1/1/2022 0:00,6,-6,0,322140,703687,316138,10569919,3572799,28904939,1.08E+11,15029,1.09E+11,29481.15865,0.578707,0.783459
1/2/2022 0:00,7,-7,0,347794,747901,346088,10180101,3908016,29011515,1.05E+11,15704,1.06E+11,20962.59002,0.574379,465.65
1/3/2022 0:00,7,-7,0,396916,937567,478885,11897903,2299456,28892228,1.57E+11,21137,1.58E+11,35367.83926,0.415434,-550.488336
1/4/2022 0:00,8,-7,1,443034,981322,479071,11938204,2406667,28782492,1.47E+11,22962,1.49E+11,87333.25994,0.415298,14265.79
1/5/2022 0:00,3,-3,0,447559,1010591,509701,13957760,881480,28301632,1.81E+11,21580,1.83E+11,54063.32258,0.433332,1007.07
1/6/2022 0:00,6,-6,0,441911,960123,455838,14577764,655540,27958806,1.62E+11,24325,1.64E+11,71310.42268,0.422661,668.43
1/7/2022 0:00,5,-5,0,426044,969222,486908,14813138,648726,27724878,1.50E+11,22782,1.52E+11,56545.43671,0.426334,8420.05
1/8/2022 0:00,5,-5,0,380399,822664,385888,14830096,702528,27698005,1.16E+11,17857,1.17E+11,32098.11696,0.424921,684.94
1/9/2022 0:00,5,-5,0,366350,763229,337962,14636636,930736,27744102,1.10E+11,17406,1.11E+11,25656.86877,0.429822,390.79
1/10/2022 0:00,6,-6,0,432431,968910,485362,15031367,713763,27574811,1.39E+11,22993,1.40E+11,45497.49934,0.435777,605.99
1/11/2022 0:00,1,-1,0,450422,964369,471854,14332657,1127483,27901184,3.09E+11,21713,3.11E+11,73811.83048,0.433091,1508.86
1/12/2022 0:00,5,-5,0,438091,972780,492679,14051778,675536,28637444,2.00E+11,21514,2.02E+11,45466.3064,0.434326,1042.34
1/13/2022 0:00,3,-3,0,448568,948196,446017,14008668,856280,28565488,1.84E+11,21735,1.86E+11,42011.1153,0.433585,1634.55
1/14/2022 0:00,2,-2,0,440241,991166,499429,14108822,1380723,27947767,1.63E+11,21402,1.65E+11,52975.71825,0.433487,4431.69
1/15/2022 0:00,2,-2,0,399323,830710,360109,13952505,1213774,28364826,1.69E+11,17639,1.71E+11,24030.77288,0.435143,2756.8
1/16/2022 0:00,2,-2,0,367403,775715,349132,13996124,1373218,28231258,1.62E+11,17030,1.63E+11,18978.63758,0.419193,-417.553463
1/17/2022 0:00,3,-3,0,406752,971298,504860,14238620,1457570,27863555,1.56E+11,20360,1.58E+11,36251.01897,0.421399,1290.14
1/18/2022 0:00,3,-3,0,419400,916974,438243,14599134,1244456,27755543,1.81E+11,20772,1.83E+11,46457.94091,0.413694,-1430.94276
1/19/2022 0:00,3,-3,0,425837,950212,480541,14561483,1324033,27715362,1.56E+11,20923,1.58E+11,52521.19667,0.410696,1979.27
1/20/2022 0:00,3,-3,0,439190,958119,450264,14451933,1471281,27722261,1.47E+11,21381,1.48E+11,48430.47462,0.392446,1836.16
1/21/2022 0:00,4,-4,0,450340,1033192,484626,16226033,786122,26669480,1.96E+11,25084,1.98E+11,99561.96849,0.480431,9327.79
1/22/2022 0:00,3,-3,0,419183,997611,487311,17193015,892518,25575565,2.25E+11,21957,2.26E+11,86754.01237,0.525712,15940.74
1/23/2022 0:00,2,-2,0,351620,767044,346587,17085914,994866,25628761,2.02E+11,16044,2.03E+11,46480.91007,0.508798,5326.51
1/24/2022 0:00,3,-3,0,427719,976712,492751,17013943,1177609,25511388,2.36E+11,23230,2.38E+11,112064.5084,0.508756,-105.731411
1/25/2022 0:00,3,-3,0,419582,897415,435997,16377832,936595,26431335,2.06E+11,21219,2.08E+11,57698.61853,0.539734,430.89
1/26/2022 0:00,4,-5,-1,421642,885174,421119,15933603,1301201,26568550,1.55E+11,21287,1.56E+11,86425.42635,0.545971,762.15
1/27/2022 0:00,4,-4,0,413420,912466,445597,16492620,1264045,26069213,1.44E+11,19534,1.45E+11,64374.16151,0.538078,-10448.96109
1/28/2022 0:00,4,-4,0,430011,955985,458055,16121088,1294880,26442742,1.56E+11,20181,1.58E+11,52274.311,0.536607,46717.72
1/29/2022 0:00,4,-4,0,383258,832877,383270,15599605,1337499,26971867,1.48E+11,17234,1.49E+11,106636.9586,0.548608,33627.13
1/30/2022 0:00,5,-4,1,354565,783141,339998,15593886,1536822,26831385,1.42E+11,16193,1.43E+11,157665.205,0.547405,78497.01
1/31/2022 0:00,3,-4,-1,419653,999813,484610,15546325,1809112,26603310,1.47E+11,20572,1.48E+11,82860.01534,0.547091,2899.18
2/1/2022 0:00,5,-4,1,430741,1063484,541888,15193888,1452445,27260656,1.49E+11,21172,1.51E+11,39309.1324,0.55686,92123.71
2/2/2022 0:00,3,-3,0,438601,981122,481186,15387165,1900312,26626375,1.24E+11,20322,1.26E+11,37814.69331,0.559246,2451.72
2/3/2022 0:00,3,-3,0,425372,937908,458060,15986387,1710048,26239915,1.32E+11,19509,1.33E+11,50699.48149,0.562398,1641.91
2/4/2022 0:00,3,-3,0,404589,890327,368406,14837942,1270728,27929662,1.75E+11,19294,1.76E+11,51745.8308,0.611397,-946.329142
2/5/2022 0:00,3,-3,0,420361,961340,416320,13779983,1382644,28915297,1.45E+11,18858,1.46E+11,31120.50744,0.62923,1070.43
2/6/2022 0:00,3,-3,0,360685,913200,469648,13472829,1655985,28869997,1.27E+11,16308,1.28E+11,27637.09704,0.623023,-295.303655
2/7/2022 0:00,4,-4,0,416016,933433,432675,13113520,1790613,29136572,2.02E+11,22948,2.03E+11,60871.68081,0.628618,-6483.40248
2/8/2022 0:00,1,-1,0,434287,1024351,481568,12710878,1447259,29878023,5.26E+11,23752,5.27E+11,61662.59441,0.631463,-1809.866578
2/9/2022 0:00,1,-1,0,423733,1005608,478563,12743314,1583742,29698510,2.36E+11,21082,2.37E+11,43692.83269,0.623944,-1033.573799
2/10/2022 0:00,1,-1,0,418913,1029618,469605,12437037,1672276,29899963,2.37E+11,21476,2.39E+11,50750.92306,0.617098,-11042.71218
2/11/2022 0:00,3,-3,0,419063,984285,431033,13218947,2096127,28726818,1.67E+11,20452,1.68E+11,44323.91907,0.623287,42288.58
2/12/2022 0:00,2,-2,0,380602,1088876,601489,13463616,1976731,28387985,1.34E+11,16009,1.35E+11,25497.42885,0.625069,1312.16
2/13/2022 0:00,2,-2,0,387896,827179,379021,13418214,2148854,28304490,1.38E+11,14425,1.39E+11,16484.81735,0.621972,-185.454884
2/14/2022 0:00,3,-3,0,402662,904274,431022,13407191,2215467,28267615,1.66E+11,18672,1.67E+11,32741.68477,0.620216,-53.127931
2/15/2022 0:00,2,-2,0,436658,1022494,513946,12610129,2256757,28989603,1.48E+11,19767,1.49E+11,41822.32278,0.630779,1734.17
2/16/2022 0:00,2,-2,0,442992,930742,439108,12491334,1886542,29533214,1.71E+11,19363,1.72E+11,37661.55077,0.628424,-1232.908701
2/17/2022 0:00,3,-3,0,431262,938318,432952,13572450,2197161,28178795,1.53E+11,19458,1.54E+11,48561.38497,0.645393,45352.27
2/18/2022 0:00,3,-3,0,425589,950177,460213,15288211,1046600,27634466,1.56E+11,20795,1.58E+11,57958.52111,0.664953,9552.78
2/19/2022 0:00,3,-3,0,366059,859806,431898,15252626,1177496,27505827,1.28E+11,16285,1.29E+11,22476.60309,0.664817,2327.15
2/20/2022 0:00,3,-3,0,346687,745783,338437,15441940,1536140,27007576,1.32E+11,15352,1.33E+11,23302.53238,0.59178,346.96
2/21/2022 0:00,3,-3,0,391814,882870,418728,16003185,1360902,26642574,1.89E+11,18842,1.90E+11,37079.06705,0.534287,1231.65
2/22/2022 0:00,3,-3,0,420484,909069,441537,16286961,1713608,26026847,1.76E+11,19401,1.78E+11,43181.27614,0.540179,1662.88
2/23/2022 0:00,3,-3,0,403594,863872,413657,15841205,1675709,26543101,1.36E+11,17720,1.37E+11,39952.30668,0.541916,-3049.441093
2/24/2022 0:00,3,-3,0,428254,956898,462458,16752527,1437125,25887096,1.56E+11,22107,1.57E+11,78739.17305,0.542157,8065.49
2/25/2022 0:00,4,-4,0,438073,942391,448787,15347683,1668998,27104599,1.67E+11,20994,1.68E+11,54934.98184,0.570959,47714.93
2/26/2022 0:00,3,-3,0,374404,816478,389414,15005512,1576211,27562178,1.22E+11,15948,1.23E+11,25281.80381,0.559214,1816.42
2/27/2022 0:00,3,-3,0,375368,792012,363338,15404510,2012726,26782827,1.12E+11,16246,1.13E+11,30989.60079,0.564038,-3308.129625
2/28/2022 0:00,3,-3,0,441946,979415,463962,14368260,1281308,28588930,1.74E+11,22854,1.76E+11,53427.69971,0.593181,-12794.3793
3/1/2022 0:00,3,-3,0,453448,1066006,473818,12234874,1794350,30225371,2.17E+11,23689,2.19E+11,66794.62974,0.647807,-1796.329856
3/2/2022 0:00,3,-3,0,464318,1100872,534141,12039694,1979912,30207157,1.59E+11,21867,1.61E+11,59099.02565,0.646919,3053.81
3/3/2022 0:00,4,-4,0,449899,1017862,499128,12552303,2578320,29097968,1.68E+11,20317,1.70E+11,42171.8302,0.653927,50529.42
3/4/2022 0:00,3,-3,0,431996,966182,460021,14612005,1661970,27970617,1.43E+11,20042,1.44E+11,51373.8353,0.680408,-256.873237
3/5/2022 0:00,4,-4,0,382088,818445,375105,15431285,1971150,26891657,1.01E+11,16748,1.02E+11,21304.16978,0.687148,145.69
3/6/2022 0:00,3,-3,0,353418,784370,368206,15498650,2042265,26777858,1.07E+11,15007,1.08E+11,20126.35853,0.643791,-166.172256
3/7/2022 0:00,3,-3,0,410240,926136,453779,15647603,2139858,26537922,1.36E+11,20793,1.38E+11,40594.76612,0.61718,2084.85
3/8/2022 0:00,1,-2,-1,419527,963012,488119,15464256,2245752,26595537,3.41E+11,19687,3.43E+11,36322.33665,0.616293,-206.854484
3/9/2022 0:00,4,-4,0,448400,967729,436926,14348439,1675866,28353636,3.05E+11,21784,3.06E+11,47562.10249,0.635645,13237.18
3/10/2022 0:00,5,-5,0,439400,1005046,500489,14485618,1738791,28141430,1.96E+11,20298,1.98E+11,43395.4251,0.629548,121.57
3/11/2022 0:00,4,-4,0,419498,911121,422544,15137050,2333903,26938869,1.61E+11,19168,1.62E+11,55936.96916,0.636796,69.61
3/12/2022 0:00,4,-4,0,377103,818806,379517,15288631,2351853,26806948,1.32E+11,14802,1.33E+11,17833.39834,0.634347,-57.970334
3/13/2022 0:00,4,-4,0,352190,766163,354001,15539762,2456244,26487594,1.32E+11,13652,1.33E+11,17679.77026,0.625838,-2646.16633
3/14/2022 0:00,4,-4,0,416103,935383,447613,15392792,2505828,26606245,1.67E+11,18473,1.69E+11,45158.78872,0.625582,4843.56
3/15/2022 0:00,4,-4,0,440144,941486,439400,15113243,2611239,26823159,1.42E+11,18811,1.43E+11,46813.63414,0.62705,1931.56
3/16/2022 0:00,5,-5,0,469283,1018750,482182,14380414,2098206,28103020,1.67E+11,20646,1.68E+11,55843.77947,0.637829,54165.41
3/17/2022 0:00,5,-5,0,488225,1037510,485695,13668128,2134453,28825821,1.67E+11,19439,1.68E+11,43628.79847,0.629863,52121.99
3/18/2022 0:00,5,-5,0,447584,991557,457889,13517415,2363380,28792630,1.38E+11,19001,1.39E+11,75135.40178,0.629411,-417.226381
3/19/2022 0:00,5,-5,0,415110,887796,409569,13019885,2324319,29370774,1.51E+11,16597,1.52E+11,41295.99959,0.615799,2079.07
3/20/2022 0:00,6,-6,0,368013,790049,357200,13378423,2284664,29103652,1.03E+11,13919,1.04E+11,25601.49744,0.594342,54066.28
3/21/2022 0:00,7,-7,0,425240,947604,451840,13679813,2491017,28614306,1.83E+11,19292,1.85E+11,71039.76669,0.596688,49726.2
3/22/2022 0:00,6,-6,0,428128,939357,418403,12881644,2599287,29369890,1.51E+11,20719,1.52E+11,85963.4926,0.595293,51737.31
3/23/2022 0:00,5,-5,0,430568,974165,466075,12756508,2418626,29675123,1.40E+11,19940,1.41E+11,43538.5699,0.587953,-3801.569147
3/24/2022 0:00,5,-5,0,432555,960407,430876,12187792,2067850,30640449,1.52E+11,19376,1.54E+11,76620.01847,0.585497,-3104.481379
3/25/2022 0:00,6,-5,1,480022,1084340,528187,11781165,1805184,31318612,1.86E+11,20874,1.87E+11,79787.8943,0.585873,54776.48
3/26/2022 0:00,5,-5,0,393492,839220,361472,11740860,1855022,31378113,1.46E+11,15794,1.47E+11,41444.04121,0.565889,2465.19
3/27/2022 0:00,6,-6,0,373139,819815,365386,10921703,1775280,32326805,1.49E+11,15217,1.50E+11,36946.58784,0.541175,50592.26
3/28/2022 0:00,5,-5,0,450661,1052990,527870,8582394,3257937,33162859,2.23E+11,23544,2.25E+11,78845.64247,0.552631,50703.85
3/29/2022 0:00,4,-4,0,441962,969097,451210,8473163,3503904,33072956,2.10E+11,21928,2.12E+11,76542.15801,0.541468,-10462.79953
3/30/2022 0:00,4,-4,0,418154,951685,445716,9329995,2932882,32809266,1.72E+11,20826,1.74E+11,55379.80636,0.511048,47238.15
3/31/2022 0:00,6,-6,0,442355,983682,435533,10683956,2105516,32349103,1.80E+11,21498,1.82E+11,53461.63462,0.443192,45659.09
4/1/2022 0:00,4,-4,0,449894,1072470,491765,11705679,1625840,31827595,1.55E+11,21241,1.56E+11,48539.84757,0.449164,-2394.969297
4/2/2022 0:00,3,-3,0,413318,951158,450797,10485913,2482365,32198871,1.85E+11,17096,1.87E+11,23516.38146,0.440855,-314.35571
4/3/2022 0:00,4,-4,0,372296,811263,371507,10710580,2091008,32402000,1.36E+11,15505,1.37E+11,19345.06918,0.387054,-375.004337
4/4/2022 0:00,3,-3,0,431980,991442,482931,11238807,1943036,32026592,1.61E+11,20889,1.63E+11,42990.85426,0.363169,17462
4/5/2022 0:00,2,-2,0,437314,954258,433822,10927905,2283308,32052120,3.54E+11,18995,3.55E+11,34404.1649,0.360964,49265.23
4/6/2022 0:00,3,-3,0,422760,928405,436017,13087218,1340304,30863599,2.78E+11,21127,2.79E+11,65904.55999,0.392856,-3523.486164
4/7/2022 0:00,4,-4,0,431582,943697,434672,13709046,1413996,30195758,2.38E+11,20302,2.40E+11,46499.27255,0.404228,51963.24
4/8/2022 0:00,4,-4,0,426364,932330,430083,13968266,1463072,29946978,2.12E+11,20072,2.13E+11,34891.708,0.367508,49638
4/9/2022 0:00,3,-3,0,376801,813141,370655,14338468,1810305,29269922,1.41E+11,15745,1.42E+11,22492.12886,0.370888,74.2
4/10/2022 0:00,4,-4,0,349640,756941,346926,13972847,2060170,29419455,1.44E+11,14470,1.45E+11,18309.6271,0.352933,3934.03
4/11/2022 0:00,3,-3,0,428995,985815,487234,15978467,1302542,28169623,2.33E+11,20783,2.34E+11,54488.69102,0.387739,-3767.871683
4/12/2022 0:00,3,-3,0,442223,1001863,500515,16495510,1206469,27725919,1.99E+11,20152,2.01E+11,40618.21015,0.391152,-2179.718602
4/13/2022 0:00,4,-4,0,433999,950299,451649,15892095,1528684,28032316,2.07E+11,19501,2.09E+11,52567.42591,0.393618,-15310.1388
4/14/2022 0:00,3,-3,0,425451,919508,430327,15826311,1653685,28020192,2.21E+11,19287,2.23E+11,44483.16084,0.39263,48599.14
4/15/2022 0:00,3,-3,0,427259,898503,401335,15870232,1761397,27935146,1.65E+11,16519,1.66E+11,40519.59272,0.378254,6417.08
4/16/2022 0:00,4,-4,0,384002,803288,351913,15825603,1879284,27932089,1.28E+11,13541,1.29E+11,24209.81843,0.372828,262.18
4/17/2022 0:00,4,-4,0,348554,756979,336871,16013815,1945604,27721802,1.33E+11,13077,1.34E+11,21342.7919,0.372852,43.9
4/18/2022 0:00,3,-3,0,394133,932584,474034,16180654,1932076,27535605,2.14E+11,19074,2.15E+11,39073.49366,0.36743,-4580.582526
4/19/2022 0:00,4,-4,0,439274,950234,441591,15032542,1866325,28799795,2.03E+11,19068,2.05E+11,39744.25504,0.386518,930.11
4/20/2022 0:00,3,-3,0,443302,976492,464031,14514163,1861842,29347025,1.75E+11,19963,1.77E+11,46731.53569,0.384367,10276.92
4/21/2022 0:00,4,-4,0,450825,993088,471794,14660705,1940615,29139983,2.25E+11,18850,2.27E+11,44224.34471,0.373313,-1501.582893
4/22/2022 0:00,3,-3,0,422111,952065,451483,16307849,1854977,27603141,2.18E+11,17974,2.20E+11,34159.61987,0.390816,-1002.07389
4/23/2022 0:00,4,-4,0,380681,864789,400648,16664885,1833103,27278526,1.85E+11,14259,1.86E+11,16454.89071,0.379967,646.26
4/24/2022 0:00,3,-3,0,362893,816123,389354,16888078,1707533,27192349,2.08E+11,13738,2.09E+11,20634.57208,0.369773,-1304.014925
4/25/2022 0:00,2,-2,0,424706,1008968,484918,16831456,1872850,27070002,3.17E+11,21179,3.19E+11,48518.95349,0.369258,2546.01
4/26/2022 0:00,3,-3,0,427523,967613,457375,17014071,1807077,26979431,2.95E+11,20531,2.97E+11,49044.73818,0.351792,1679.94
4/27/2022 0:00,1,-1,0,440489,973994,469580,17746296,1544376,26522518,2.61E+11,20639,2.63E+11,44063.47851,0.316141,-2165.590615
4/28/2022 0:00,2,-2,0,436317,1015298,486109,16379204,1959664,27490787,2.73E+11,19406,2.75E+11,50870.0203,0.3334,6534.49
4/29/2022 0:00,4,-4,0,450414,1063975,508068,16988908,2019497,26812817,2.08E+11,19435,2.10E+11,37509.92718,0.334786,-1956.167938
4/30/2022 0:00,3,-3,0,425644,970531,464925,18236153,1312052,26275258,1.43E+11,15490,1.44E+11,21583.96663,0.337685,602.82
5/1/2022 0:00,5,-5,0,382396,840129,384426,18226382,1491935,26157298,1.52E+11,14213,1.53E+11,18823.16634,0.334267,49391.07
5/2/2022 0:00,2,-2,0,423581,980280,483584,17441290,1972656,26459700,2.45E+11,18820,2.46E+11,76337.11859,0.328557,-19457.89357
5/3/2022 0:00,1,-1,0,434975,952464,454145,18019107,1693432,26193574,3.34E+11,17906,3.36E+11,69946.20168,0.328461,4195.33
5/4/2022 0:00,1,-1,0,374633,872482,357075,16951769,2229624,26783696,2.42E+11,18107,2.44E+11,68823.60287,0.340582,655.22
5/5/2022 0:00,1,-1,0,491726,1174988,549590,18510203,1526120,25910552,3.74E+11,20792,3.76E+11,73895.10246,0.347282,7365.78
5/6/2022 0:00,2,-2,0,451589,1099911,547270,19992965,685065,25209984,3.02E+11,20916,3.04E+11,106598.1754,0.35226,6844.09
5/7/2022 0:00,3,-3,0,375522,840612,349976,20028340,962919,24950793,1.51E+11,14829,1.52E+11,37973.6703,0.348755,3284.11
5/8/2022 0:00,3,-3,0,366978,849741,393250,20563096,702000,24685714,1.74E+11,15338,1.75E+11,94574.20114,0.354305,731.59
5/9/2022 0:00,3,-3,0,440099,1044085,511283,21375205,547093,24007482,2.53E+11,22809,2.54E+11,280744.6095,0.419005,12416.88
5/10/2022 0:00,3,-3,0,441507,985477,469175,21606549,533811,23818607,2.64E+11,22328,2.65E+11,215457.1206,0.421283,57858.63
5/11/2022 0:00,3,-3,0,425024,1005376,406130,21912137,340979,23774278,2.19E+11,24735,2.21E+11,233312.6068,0.414447,48026.72
5/12/2022 0:00,4,-4,0,453440,1043690,402890,22078963,391485,23656960,2.78E+11,29127,2.80E+11,190890.9547,0.465687,16393.12
5/13/2022 0:00,2,-2,0,436897,1036736,387430,21602665,597894,23993170,2.00E+11,25431,2.02E+11,99051.69863,0.533354,13225.66
5/14/2022 0:00,3,-3,0,448132,1097507,504698,21452537,792257,23908424,1.34E+11,20778,1.35E+11,54545.33881,0.532415,-2576.85352
5/15/2022 0:00,6,-6,0,367114,1022995,545585,21035382,836334,24123218,84133520153,17672,85215008699,28911.25886,0.554357,617.27
5/16/2022 0:00,9,-9,0,410918,1098098,561807,21022096,944760,23885014,1.36E+11,22173,1.37E+11,82438.19876,0.553064,-6096.21764
5/17/2022 0:00,9,-9,0,426210,1036631,512714,20917803,1005147,23858236,1.20E+11,20986,1.21E+11,88928.38936,0.553345,-6672.820251
5/18/2022 0:00,8,-8,0,403191,903949,438606,20905116,1069826,23817410,85912368358,20307,87263052801,60797.26271,0.553602,4061.02
5/19/2022 0:00,9,-9,0,407814,902105,397336,20957542,1080373,23809439,80050664429,18821,81439697928,96094.33838,0.532277,-721.442072
5/20/2022 0:00,6,-6,0,413138,948874,448139,20778231,1270138,23805120,70890081687,17952,72311320643,54239.03558,0.530175,1158.85
5/21/2022 0:00,6,-6,0,352037,787760,356449,21164490,957938,23765952,43611342053,13041,44670767008,20879.78004,0.529649,-579.560362
5/22/2022 0:00,6,-6,0,325630,751429,342108,20680813,1423951,23804142,34492278148,13101,35489344617,22840.70151,0.532971,-507.022884
5/23/2022 0:00,5,-6,-1,396572,939060,461228,20610710,1472467,23793617,61472095842,17809,62839494144,65006.89768,0.53343,13546.05
5/24/2022 0:00,3,-3,0,365135,848460,368067,20954091,1220278,23755338,73652968239,17452,74924168205,54507.2087,0.53393,3755.12
5/25/2022 0:00,3,-3,0,437627,1034175,526319,20494716,1598066,23790112,56018387169,17331,57492819098,49401.90537,0.542338,2231.55
5/26/2022 0:00,4,-4,0,413136,910133,438129,21014386,1169297,23715862,65843382427,17906,67208661407,83208.81498,0.545567,905.38
5/27/2022 0:00,6,-6,0,428206,936015,418697,21366159,879382,23708508,79574041730,19020,80940870600,64635.12138,0.545477,-1865.423629
5/28/2022 0:00,6,-6,0,353317,794128,363873,21215469,1059936,23709449,44378559060,14932,45464277092,33228.85715,0.533286,282.75
5/29/2022 0:00,8,-9,-1,326672,757441,346716,20669328,1586084,23737886,43012561515,13736,44021394724,28716.64865,0.537963,-3025.027021
5/30/2022 0:00,6,-6,0,393250,941604,460027,19959558,1030046,24970996,67835970631,19616,69295232920,44636.02629,0.577524,3441.63
5/31/2022 0:00,5,-5,0,411016,1000162,486779,19578780,864343,25503198,1.42E+11,20691,1.43E+11,85723.05989,0.595202,27846.11
6/1/2022 0:00,6,-6,0,413749,968548,454390,20034953,1403550,24532262,1.06E+11,19210,1.08E+11,79845.59723,0.600003,14008.51
6/2/2022 0:00,6,-6,0,410679,956018,446079,20217291,1731038,24024122,66423297843,17418,67864492541,46320.60333,0.600636,35200.56
6/3/2022 0:00,11,-12,-1,420386,946371,453281,20210519,1773625,24000366,59064159550,17936,60478594013,41664.7864,0.592739,-6854.661778
6/4/2022 0:00,7,-7,0,346816,780613,357212,20388292,1861936,23759540,38130635017,12888,39240577597,76616.31948,0.588129,-17020.46275
6/5/2022 0:00,4,-4,0,329131,742340,345446,20149009,1983968,23896814,44142140667,10979,45183454856,26714.85101,0.572538,6279.68
6/6/2022 0:00,7,-7,0,401061,957734,483714,19779537,1269161,24941328,67098408501,17587,68574916865,37801.6275,0.587064,-5057.793362
6/7/2022 0:00,5,-6,-1,401949,946090,486429,19841447,1884199,24223027,74229284233,19348,75665152365,43140.62124,0.58366,45063.36
6/8/2022 0:00,5,-5,0,408444,894223,429911,19764752,1730621,24477752,56272228561,18087,57689786319,39672.04443,0.531237,300.87
6/9/2022 0:00,4,-4,0,413637,916889,452809,19868470,1917896,24196619,48215375728,16458,49634572765,32305.43314,0.522899,997.34
6/10/2022 0:00,3,-3,0,413937,908421,425273,20383587,1894296,23748012,70024226014,17651,71460959556,53118.617,0.514163,-3176.785032
6/11/2022 0:00,8,-8,0,364280,849994,418796,21620589,711924,23674108,62515004583,16842,63711354397,40003.85151,0.45768,2756.17
6/12/2022 0:00,5,-5,0,334557,760134,350184,22166414,330920,23535701,64040719488,15871,65145782712,52693.78206,0.416973,-5731.441966
6/13/2022 0:00,5,-5,0,440064,1005439,406834,22387028,353510,23390644,1.92E+11,26881,1.94E+11,237317.961,0.568249,47860.69
6/14/2022 0:00,3,-3,0,445925,1097038,534005,22555847,323416,23191058,3.00E+11,23658,3.02E+11,203550.2654,0.634907,71950.18
6/15/2022 0:00,3,-3,0,461388,1069858,528610,22397020,458706,23167662,3.77E+11,23902,3.79E+11,162766.5157,0.637786,86681.76
6/16/2022 0:00,2,-2,0,412952,893767,427150,22297935,590404,23172103,2.89E+11,18654,2.90E+11,102082.2607,0.640727,15026.11
6/17/2022 0:00,4,-4,0,415896,880351,399497,22544874,448928,23139463,2.42E+11,18030,2.43E+11,127423.9636,0.647516,-22922.61257
6/18/2022 0:00,3,-3,0,409945,936380,451385,22756026,570028,22792836,2.01E+11,20037,2.02E+11,270176.583,0.686654,-10641.8305
6/19/2022 0:00,3,-3,0,338876,750949,344413,22647524,694934,22812368,96538992079,13316,97614736878,77403.45552,0.688828,18866.34
6/20/2022 0:00,3,-3,0,371932,834875,385045,22385038,402018,23404099,88639641842,15949,89882645810,63706.32515,0.723081,-8218.974528
6/21/2022 0:00,3,-3,0,410289,917352,455879,22065041,746642,23373333,86390757344,17979,87772983100,91164.3656,0.733006,5996.66
6/22/2022 0:00,5,-6,-1,405312,881810,422013,22233233,651772,23323937,64530534689,17381,65925435724,74257.85229,0.736648,-2496.861185
6/23/2022 0:00,4,-4,0,403457,861825,412437,22168790,753036,23317479,58861923289,16561,60246032250,55897.42035,0.740573,748.07
6/24/2022 0:00,4,-4,0,407793,885638,416664,21896976,1050730,23328962,75824975453,16663,77209483086,50527.71245,0.746537,7805.59
6/25/2022 0:00,4,-5,-1,347365,755500,324240,21768132,1028249,23534508,36497504891,12584,37587120778,27188.28974,0.746245,220.63
6/26/2022 0:00,4,-4,0,329989,715607,291584,21728786,1036827,23629416,28423118711,11843,29388712980,25578.37348,0.748587,-2.77768
6/27/2022 0:00,4,-4,0,389601,974966,497873,21748413,1297540,23272230,61371094283,15727,62678123194,77076.77174,0.748054,366.59
6/28/2022 0:00,2,-2,0,389455,909041,445402,21788367,1260742,23253429,81006523360,15103,82416392336,57181.91952,0.744638,8688.12
6/29/2022 0:00,3,-3,0,416239,923528,443825,22310687,768634,23226650,91620546219,16559,93106217589,112486.6148,0.710308,1447.36
6/30/2022 0:00,2,-2,0,434605,963234,472384,22835109,679745,22807569,90026872936,16589,91546197178,90308.74752,0.693261,-2496.564815
7/1/2022 0:00,2,-2,0,439716,941571,422206,22338835,1087654,22981938,97745256460,17404,99260740340,89468.72751,0.704046,-3795.511575
7/2/2022 0:00,3,-3,0,383726,848341,388827,22662103,1028568,22745623,62526186843,14003,63723545611,41635.73139,0.707842,1449.07
7/3/2022 0:00,3,-3,0,341108,737759,327522,22600117,1141255,22745028,63018772770,11916,64059591935,34651.85109,0.708864,-395.759898
7/4/2022 0:00,3,-3,0,374461,855494,405232,22257286,1361217,22878359,70525900374,15305,71857496407,39959.20749,0.721757,-924.565389
7/5/2022 0:00,4,-4,0,370758,868674,395356,22045248,1170680,23314952,71797376568,16277,73132867753,51840.85102,0.726835,-1850.66976
7/6/2022 0:00,3,-4,-1,418097,984020,451069,21923719,1142399,23487176,66517333847,17640,67966601422,70738.66327,0.713066,-10608.91731
7/7/2022 0:00,3,-3,0,435100,1007918,510863,21375476,1108273,24024834,54029528020,17495,55573221610,77497.07642,0.738626,57.19
7/8/2022 0:00,3,-3,0,419156,946807,460575,21217103,994858,24311284,80072699668,16439,81530186176,76692.30007,0.753998,13988.66
7/9/2022 0:00,4,-4,0,352582,782171,365461,21203546,1100105,24248427,50845626611,12458,51999149563,37184.0738,0.754098,51610.41
7/10/2022 0:00,3,-3,0,318166,710613,323432,21301997,1414409,23863191,37065466898,10118,38076863044,34905.66495,0.754056,-2656.62671
7/11/2022 0:00,3,-3,0,355281,838433,386408,21775067,1415121,23411516,93050371710,13504,94291508142,54535.32062,0.757087,17896.28
7/12/2022 0:00,2,-2,0,413333,945981,474593,22306733,1400516,22871315,88970116178,15404,90439456740,55322.90999,0.754027,4801.4
7/13/2022 0:00,2,-2,0,350481,810857,324813,22483048,1313810,22880218,1.03E+11,14438,1.04E+11,46446.93985,0.656578,-2409.218071
7/14/2022 0:00,2,-2,0,427929,990479,456071,21946722,1203219,23525662,62840744916,15641,64350729515,52813.21492,0.581835,902.05
7/15/2022 0:00,5,-5,0,402861,955069,462371,21437350,1321588,23893454,73539027655,16337,75026082674,61554.76653,0.582723,2099.54
7/16/2022 0:00,5,-5,0,355271,791313,361988,21192382,1216001,24270059,56146571701,12692,57386799873,25546.95581,0.583618,2366.33
7/17/2022 0:00,6,-5,1,313558,727955,340986,21091193,1287884,24304750,35176946454,11433,36249091304,23090.12616,0.568693,15476.31
7/18/2022 0:00,6,-6,0,365392,874433,407199,20965192,810902,24919423,70579636153,16024,71990150015,56981.93044,0.498467,-2347.364328
7/19/2022 0:00,4,-4,0,420955,998065,511662,20793861,363543,25483796,73930842326,19400,75477912094,61836.66085,0.515924,-1318.722108
7/20/2022 0:00,6,-6,0,390520,920079,416238,20620429,419546,25627198,59256550497,19468,60745319985,74745.74269,0.506752,-2222.353865
7/21/2022 0:00,5,-5,0,413531,965128,464320,20802644,537247,25322740,84530280988,16926,86042516605,53865.67958,0.510249,75165.24
7/22/2022 0:00,6,-6,0,392709,852850,366345,20618392,814179,25310061,73436980559,16615,74889776634,51001.63835,0.493121,-4787.538744
7/23/2022 0:00,4,-3,1,347749,776821,349886,20983030,644604,25146780,58442280145,12548,59656952255,29694.82035,0.505698,-497.731279
7/24/2022 0:00,4,-4,0,331197,734545,328945,20778084,839162,25187085,37395727001,9705,38486893504,27156.09869,0.497625,1242.77
7/25/2022 0:00,3,-3,0,384472,905603,439344,21284264,822716,24687667,81013578784,15253,82439489113,44888.89564,0.510197,74.48
7/26/2022 0:00,2,-2,0,401688,962865,492742,21714304,1064617,23974106,1.08E+11,15495,1.10E+11,52603.25318,0.531721,-7598.672588
7/27/2022 0:00,2,-2,0,387340,890784,414802,20918404,988656,24869779,81378160307,17332,82778456494,56943.47995,0.554824,-3659.958122
7/28/2022 0:00,4,-4,0,430261,1016625,518651,20412215,751006,25576179,72814748766,18030,74360362611,61905.46447,0.585836,1270.27
7/29/2022 0:00,2,-3,-1,434670,954956,448674,20294924,696058,25792517,80429395503,17769,81970048179,79089.83411,0.577743,4749.58
7/30/2022 0:00,3,-3,0,370850,801682,360293,20268575,782576,25786319,42256255587,12837,43455752121,31624.45344,0.556408,139.27
7/31/2022 0:00,5,-5,0,339197,773541,359200,20336093,947816,25581256,36073531124,11252,37158168801,22664.67213,0.557655,-189.695785
8/1/2022 0:00,1,-2,-1,382176,908302,442482,20599587,988709,25263239,78646892562,16737,80031936376,37977.07881,0.547668,-2109.284002
8/2/2022 0:00,3,-3,0,399305,947567,455647,20542081,1181915,25129251,87308311326,17169,88743818538,54562.2533,0.548829,202.62
8/3/2022 0:00,2,-2,0,417758,979238,456583,20488858,1210810,25168735,99153490108,18486,1.01E+11,45138.43553,0.544749,-2859.378516
8/4/2022 0:00,3,-3,0,420748,955783,447469,20635888,1212496,25050896,83098268067,16737,84575252974,43520.99835,0.547689,1331.75
8/5/2022 0:00,2,-2,0,419803,950479,432642,20507260,1397079,25044012,1.01E+11,17203,1.02E+11,50876.74234,0.547658,-4014.43535
8/6/2022 0:00,4,-4,0,379243,876047,424034,20395535,1445757,25095397,53733381875,12557,54994978876,28275.40092,0.530986,554.87
8/7/2022 0:00,5,-5,0,318173,712883,321386,20369898,1516507,25078740,27825362965,10383,28807259559,17326.92406,0.518719,-212.021171
8/8/2022 0:00,2,-2,0,392070,923946,432869,20155301,1306849,25522401,1.30E+11,16992,1.31E+11,52801.14307,0.523492,-110.660171
8/9/2022 0:00,3,-3,0,396306,953042,458527,20222135,1588095,25163447,91798412416,16522,93200926380,51996.25551,0.517946,532.26
8/10/2022 0:00,4,-4,0,408254,1033613,546770,20117919,1534390,25229213,1.09E+11,16682,1.10E+11,70249.05139,0.497394,5449.87
8/11/2022 0:00,3,-3,0,441891,1012662,496194,19896815,518533,26479587,91707336891,17923,93192955797,52193.96124,0.48921,-2358.394535
8/12/2022 0:00,4,-4,0,433094,961031,454468,19892846,1047628,25983608,60007734608,16184,61431784654,50125.40785,0.494089,-7218.103522
8/13/2022 0:00,3,-3,0,381979,828340,382154,19852693,726736,26389460,42245464568,12797,43444070275,35737.07903,0.48888,2715.72
8/14/2022 0:00,6,-6,0,337346,819073,408861,19834678,794345,26298895,29234240056,11433,30295238638,29802.86811,0.48431,-3445.475493
8/15/2022 0:00,2,-2,0,380343,918182,459225,19819584,926165,26151680,83120979129,16011,84442905209,47513.42611,0.484958,-536.590265
8/16/2022 0:00,4,-3,1,423810,1032647,535035,19970689,1276279,25596485,77400680901,16385,78829390651,42362.29262,0.493941,13330.36
8/17/2022 0:00,2,-2,0,398958,913886,393399,20100601,1249057,25537086,81597309212,16729,83020401759,62791.4023,0.489,8064.79
8/18/2022 0:00,1,-2,-1,429321,1014144,512539,20427103,1465984,24936057,56353664056,16606,57741782431,47861.36543,0.473437,-9149.625892
8/19/2022 0:00,2,-2,0,452180,999569,463540,21801975,700331,24361604,98363501219,16789,99898218590,81709.14746,0.495205,-9706.308054
8/20/2022 0:00,1,-1,0,371297,844049,404174,22256004,916126,23701172,88460659431,11813,89567914095,28501.33559,0.50568,-900.657089
8/21/2022 0:00,2,-2,0,340741,769158,364160,21967355,1044715,23874771,46837562865,10516,47870345629,22488.4483,0.507825,-2617.378286
8/22/2022 0:00,1,-1,0,386338,886312,425543,21956036,1193565,23741513,1.08E+11,14893,1.09E+11,47663.42729,0.499725,5613.39
8/23/2022 0:00,2,-2,0,397775,936789,482054,21803719,1281368,23761355,1.09E+11,15860,1.10E+11,38453.44412,0.499003,413.71
